timestamp,run_id,kind,scenario,phase,duration_nanos,duration_millis,preview_type,tree_preview_type,has_path,solved,ticks,task_state
"2026-05-31T03:06:44.296476Z","c154906f-6b8a-463e-be26-d246b2298812","preview","acyclic-success","solveAndCalculatePreview","5737110800","5737","SUCCESS","SUCCESS","true","","",""
"2026-05-31T03:06:44.314411100Z","c154906f-6b8a-463e-be26-d246b2298812","preview","acyclic-success","solveAndCalculateTreePreview","2850940700","2850","SUCCESS","SUCCESS","true","","",""
"2026-05-31T03:06:44.317148200Z","c154906f-6b8a-463e-be26-d246b2298812","preview","acyclic-success","total","8588051500","8588","SUCCESS","SUCCESS","true","","",""
"2026-05-31T03:06:44.319831600Z","c154906f-6b8a-463e-be26-d246b2298812","preview","acyclic-missing","solveAndCalculatePreview","4604968400","4604","MISSING_RESOURCES","MISSING_RESOURCES","true","","",""
"2026-05-31T03:06:44.321342200Z","c154906f-6b8a-463e-be26-d246b2298812","preview","acyclic-missing","solveAndCalculateTreePreview","2350514600","2350","MISSING_RESOURCES","MISSING_RESOURCES","true","","",""
"2026-05-31T03:06:44.322403700Z","c154906f-6b8a-463e-be26-d246b2298812","preview","acyclic-missing","total","6955483000","6955","MISSING_RESOURCES","MISSING_RESOURCES","true","","",""
"2026-05-31T03:06:45.637167300Z","c154906f-6b8a-463e-be26-d246b2298812","execution","exec-cyclic-ring","solve","723132400","723","","","","","37","COMPLETED"
"2026-05-31T03:06:45.638262500Z","c154906f-6b8a-463e-be26-d246b2298812","execution","exec-cyclic-ring","dispatch","56114500","56","","","","","37","COMPLETED"
"2026-05-31T03:06:45.640248900Z","c154906f-6b8a-463e-be26-d246b2298812","execution","exec-cyclic-ring","execute","491213100","491","","","","","37","COMPLETED"
"2026-05-31T03:06:45.642230300Z","c154906f-6b8a-463e-be26-d246b2298812","execution","exec-cyclic-ring","total","1270460000","1270","","","","","37","COMPLETED"
"2026-05-31T03:06:46.613135500Z","c154906f-6b8a-463e-be26-d246b2298812","execution","exec-many-small-cycles","solve","659873300","659","","","","","9","COMPLETED"
"2026-05-31T03:06:46.614690800Z","c154906f-6b8a-463e-be26-d246b2298812","execution","exec-many-small-cycles","dispatch","4083200","4","","","","","9","COMPLETED"
"2026-05-31T03:06:46.615752900Z","c154906f-6b8a-463e-be26-d246b2298812","execution","exec-many-small-cycles","execute","301809600","301","","","","","9","COMPLETED"
"2026-05-31T03:06:46.617330Z","c154906f-6b8a-463e-be26-d246b2298812","execution","exec-many-small-cycles","total","965766100","965","","","","","9","COMPLETED"
"2026-05-31T03:06:47.762215500Z","c154906f-6b8a-463e-be26-d246b2298812","execution","exec-overlapping-cycles","solve","1099359500","1099","","","","","10","COMPLETED"
"2026-05-31T03:06:47.762821200Z","c154906f-6b8a-463e-be26-d246b2298812","execution","exec-overlapping-cycles","dispatch","2020800","2","","","","","10","COMPLETED"
"2026-05-31T03:06:47.764845100Z","c154906f-6b8a-463e-be26-d246b2298812","execution","exec-overlapping-cycles","execute","38315500","38","","","","","10","COMPLETED"
"2026-05-31T03:06:47.766359400Z","c154906f-6b8a-463e-be26-d246b2298812","execution","exec-overlapping-cycles","total","1139695800","1139","","","","","10","COMPLETED"
"2026-05-31T03:06:48.551174600Z","c154906f-6b8a-463e-be26-d246b2298812","preview","cyclic-ring-large","solveAndCalculatePreview","418182300","418","SUCCESS","SUCCESS","true","","",""
"2026-05-31T03:06:48.553174700Z","c154906f-6b8a-463e-be26-d246b2298812","preview","cyclic-ring-large","solveAndCalculateTreePreview","358844900","358","SUCCESS","SUCCESS","true","","",""
"2026-05-31T03:06:48.554177500Z","c154906f-6b8a-463e-be26-d246b2298812","preview","cyclic-ring-large","total","777027200","777","SUCCESS","SUCCESS","true","","",""
"2026-05-31T03:06:48.855554400Z","c154906f-6b8a-463e-be26-d246b2298812","preview","cyclic-many-small","solveAndCalculatePreview","145012600","145","SUCCESS","SUCCESS","true","","",""
"2026-05-31T03:06:48.856556400Z","c154906f-6b8a-463e-be26-d246b2298812","preview","cyclic-many-small","solveAndCalculateTreePreview","153511700","153","SUCCESS","SUCCESS","true","","",""
"2026-05-31T03:06:48.857556300Z","c154906f-6b8a-463e-be26-d246b2298812","preview","cyclic-many-small","total","298524300","298","SUCCESS","SUCCESS","true","","",""
"2026-05-31T03:06:52.765980700Z","c154906f-6b8a-463e-be26-d246b2298812","preview","cyclic-overlapping","solveAndCalculatePreview","1519846100","1519","SUCCESS","SUCCESS","true","","",""
"2026-05-31T03:06:52.767502100Z","c154906f-6b8a-463e-be26-d246b2298812","preview","cyclic-overlapping","solveAndCalculateTreePreview","2386701300","2386","SUCCESS","SUCCESS","true","","",""
"2026-05-31T03:06:52.768528400Z","c154906f-6b8a-463e-be26-d246b2298812","preview","cyclic-overlapping","total","3906547400","3906","SUCCESS","SUCCESS","true","","",""
"2026-05-31T03:06:52.984395Z","c154906f-6b8a-463e-be26-d246b2298812","preview","large-number-chain","solveAndCalculatePreview","114850600","114","SUCCESS","SUCCESS","true","","",""
"2026-05-31T03:06:52.985963900Z","c154906f-6b8a-463e-be26-d246b2298812","preview","large-number-chain","solveAndCalculateTreePreview","92569400","92","SUCCESS","SUCCESS","true","","",""
"2026-05-31T03:06:52.987966500Z","c154906f-6b8a-463e-be26-d246b2298812","preview","large-number-chain","total","207420000","207","SUCCESS","SUCCESS","true","","",""
"2026-05-31T03:06:53.363502500Z","c154906f-6b8a-463e-be26-d246b2298812","section","sections-acyclic","initialization","1468700","1","SUCCESS","SUCCESS","","true","",""
"2026-05-31T03:06:53.364500300Z","c154906f-6b8a-463e-be26-d246b2298812","section","sections-acyclic","solve","355166900","355","SUCCESS","SUCCESS","","true","",""
"2026-05-31T03:06:53.365495900Z","c154906f-6b8a-463e-be26-d246b2298812","section","sections-acyclic","desanitize","5300300","5","SUCCESS","SUCCESS","","true","",""
"2026-05-31T03:06:53.367054700Z","c154906f-6b8a-463e-be26-d246b2298812","section","sections-acyclic","preview","1636500","1","SUCCESS","SUCCESS","","true","",""
"2026-05-31T03:06:53.368108500Z","c154906f-6b8a-463e-be26-d246b2298812","section","sections-acyclic","treePreview","883500","0","SUCCESS","SUCCESS","","true","",""
"2026-05-31T03:06:53.369109700Z","c154906f-6b8a-463e-be26-d246b2298812","section","sections-acyclic","total","364455900","364","SUCCESS","SUCCESS","","true","",""
"2026-05-31T03:06:53.489085300Z","c154906f-6b8a-463e-be26-d246b2298812","section","sections-cyclic-ring","initialization","501800","0","SUCCESS","SUCCESS","","true","",""
"2026-05-31T03:06:53.490050300Z","c154906f-6b8a-463e-be26-d246b2298812","section","sections-cyclic-ring","solve","115482600","115","SUCCESS","SUCCESS","","true","",""
"2026-05-31T03:06:53.491049100Z","c154906f-6b8a-463e-be26-d246b2298812","section","sections-cyclic-ring","desanitize","472000","0","SUCCESS","SUCCESS","","true","",""
"2026-05-31T03:06:53.492150800Z","c154906f-6b8a-463e-be26-d246b2298812","section","sections-cyclic-ring","preview","411000","0","SUCCESS","SUCCESS","","true","",""
"2026-05-31T03:06:53.493762700Z","c154906f-6b8a-463e-be26-d246b2298812","section","sections-cyclic-ring","treePreview","132000","0","SUCCESS","SUCCESS","","true","",""
"2026-05-31T03:06:53.494784900Z","c154906f-6b8a-463e-be26-d246b2298812","section","sections-cyclic-ring","total","116999400","116","SUCCESS","SUCCESS","","true","",""
"2026-05-31T03:06:53.580236500Z","c154906f-6b8a-463e-be26-d246b2298812","section","sections-many-small-cycles","initialization","357700","0","SUCCESS","SUCCESS","","true","",""
"2026-05-31T03:06:53.581240400Z","c154906f-6b8a-463e-be26-d246b2298812","section","sections-many-small-cycles","solve","81908600","81","SUCCESS","SUCCESS","","true","",""
"2026-05-31T03:06:53.582227Z","c154906f-6b8a-463e-be26-d246b2298812","section","sections-many-small-cycles","desanitize","300400","0","SUCCESS","SUCCESS","","true","",""
"2026-05-31T03:06:53.583232500Z","c154906f-6b8a-463e-be26-d246b2298812","section","sections-many-small-cycles","preview","517100","0","SUCCESS","SUCCESS","","true","",""
"2026-05-31T03:06:53.583232500Z","c154906f-6b8a-463e-be26-d246b2298812","section","sections-many-small-cycles","treePreview","305400","0","SUCCESS","SUCCESS","","true","",""
"2026-05-31T03:06:53.584776Z","c154906f-6b8a-463e-be26-d246b2298812","section","sections-many-small-cycles","total","83389200","83","SUCCESS","SUCCESS","","true","",""
"2026-05-31T03:06:53.793046700Z","c154906f-6b8a-463e-be26-d246b2298812","section","sections-overlapping-cycles","initialization","769900","0","SUCCESS","SUCCESS","","true","",""
"2026-05-31T03:06:53.794055400Z","c154906f-6b8a-463e-be26-d246b2298812","section","sections-overlapping-cycles","solve","202793200","202","SUCCESS","SUCCESS","","true","",""
"2026-05-31T03:06:53.795055Z","c154906f-6b8a-463e-be26-d246b2298812","section","sections-overlapping-cycles","desanitize","474100","0","SUCCESS","SUCCESS","","true","",""
"2026-05-31T03:06:53.796049100Z","c154906f-6b8a-463e-be26-d246b2298812","section","sections-overlapping-cycles","preview","600700","0","SUCCESS","SUCCESS","","true","",""
"2026-05-31T03:06:53.797049200Z","c154906f-6b8a-463e-be26-d246b2298812","section","sections-overlapping-cycles","treePreview","342500","0","SUCCESS","SUCCESS","","true","",""
"2026-05-31T03:06:53.798058900Z","c154906f-6b8a-463e-be26-d246b2298812","section","sections-overlapping-cycles","total","204980400","204","SUCCESS","SUCCESS","","true","",""
"2026-05-31T03:07:38.076513200Z","4aca5fc3-21e0-4f64-acc8-86c88a198fbb","preview","acyclic-success","solveAndCalculatePreview","3840886400","3840","SUCCESS","SUCCESS","true","","",""
"2026-05-31T03:07:38.080934800Z","4aca5fc3-21e0-4f64-acc8-86c88a198fbb","preview","acyclic-success","solveAndCalculateTreePreview","2640683800","2640","SUCCESS","SUCCESS","true","","",""
"2026-05-31T03:07:38.089726900Z","4aca5fc3-21e0-4f64-acc8-86c88a198fbb","preview","acyclic-success","total","6481570200","6481","SUCCESS","SUCCESS","true","","",""
"2026-05-31T03:07:38.091252100Z","4aca5fc3-21e0-4f64-acc8-86c88a198fbb","preview","acyclic-missing","solveAndCalculatePreview","3808081000","3808","MISSING_RESOURCES","MISSING_RESOURCES","true","","",""
"2026-05-31T03:07:38.093218100Z","4aca5fc3-21e0-4f64-acc8-86c88a198fbb","preview","acyclic-missing","solveAndCalculateTreePreview","2558289400","2558","MISSING_RESOURCES","MISSING_RESOURCES","true","","",""
"2026-05-31T03:07:38.093218100Z","4aca5fc3-21e0-4f64-acc8-86c88a198fbb","preview","acyclic-missing","total","6366370400","6366","MISSING_RESOURCES","MISSING_RESOURCES","true","","",""
"2026-05-31T03:07:39.291019500Z","4aca5fc3-21e0-4f64-acc8-86c88a198fbb","execution","exec-cyclic-ring","solve","792351800","792","","","","","37","COMPLETED"
"2026-05-31T03:07:39.292839600Z","4aca5fc3-21e0-4f64-acc8-86c88a198fbb","execution","exec-cyclic-ring","dispatch","46963300","46","","","","","37","COMPLETED"
"2026-05-31T03:07:39.293623400Z","4aca5fc3-21e0-4f64-acc8-86c88a198fbb","execution","exec-cyclic-ring","execute","317456000","317","","","","","37","COMPLETED"
"2026-05-31T03:07:39.295634200Z","4aca5fc3-21e0-4f64-acc8-86c88a198fbb","execution","exec-cyclic-ring","total","1156771100","1156","","","","","37","COMPLETED"
"2026-05-31T03:07:39.848908800Z","4aca5fc3-21e0-4f64-acc8-86c88a198fbb","execution","exec-many-small-cycles","solve","416162200","416","","","","","9","COMPLETED"
"2026-05-31T03:07:39.848908800Z","4aca5fc3-21e0-4f64-acc8-86c88a198fbb","execution","exec-many-small-cycles","dispatch","2873600","2","","","","","9","COMPLETED"
"2026-05-31T03:07:39.848908800Z","4aca5fc3-21e0-4f64-acc8-86c88a198fbb","execution","exec-many-small-cycles","execute","133202400","133","","","","","9","COMPLETED"
"2026-05-31T03:07:39.856190900Z","4aca5fc3-21e0-4f64-acc8-86c88a198fbb","execution","exec-many-small-cycles","total","552238200","552","","","","","9","COMPLETED"
"2026-05-31T03:07:43.036602600Z","4aca5fc3-21e0-4f64-acc8-86c88a198fbb","execution","exec-overlapping-cycles","solve","3044904200","3044","","","","","10","COMPLETED"
"2026-05-31T03:07:43.041339500Z","4aca5fc3-21e0-4f64-acc8-86c88a198fbb","execution","exec-overlapping-cycles","dispatch","3741300","3","","","","","10","COMPLETED"
"2026-05-31T03:07:43.043365800Z","4aca5fc3-21e0-4f64-acc8-86c88a198fbb","execution","exec-overlapping-cycles","execute","126967100","126","","","","","10","COMPLETED"
"2026-05-31T03:07:43.045303200Z","4aca5fc3-21e0-4f64-acc8-86c88a198fbb","execution","exec-overlapping-cycles","total","3175612600","3175","","","","","10","COMPLETED"
"2026-05-31T03:07:44.277719700Z","4aca5fc3-21e0-4f64-acc8-86c88a198fbb","preview","cyclic-ring-large","solveAndCalculatePreview","568369800","568","SUCCESS","SUCCESS","true","","",""
"2026-05-31T03:07:44.279733800Z","4aca5fc3-21e0-4f64-acc8-86c88a198fbb","preview","cyclic-ring-large","solveAndCalculateTreePreview","649802900","649","SUCCESS","SUCCESS","true","","",""
"2026-05-31T03:07:44.281771100Z","4aca5fc3-21e0-4f64-acc8-86c88a198fbb","preview","cyclic-ring-large","total","1218172700","1218","SUCCESS","SUCCESS","true","","",""
"2026-05-31T03:07:44.939178500Z","4aca5fc3-21e0-4f64-acc8-86c88a198fbb","preview","cyclic-many-small","solveAndCalculatePreview","301779900","301","SUCCESS","SUCCESS","true","","",""
"2026-05-31T03:07:44.940025900Z","4aca5fc3-21e0-4f64-acc8-86c88a198fbb","preview","cyclic-many-small","solveAndCalculateTreePreview","337767000","337","SUCCESS","SUCCESS","true","","",""
"2026-05-31T03:07:44.944300Z","4aca5fc3-21e0-4f64-acc8-86c88a198fbb","preview","cyclic-many-small","total","639546900","639","SUCCESS","SUCCESS","true","","",""
"2026-05-31T03:07:47.886819100Z","4aca5fc3-21e0-4f64-acc8-86c88a198fbb","preview","cyclic-overlapping","solveAndCalculatePreview","1004168900","1004","SUCCESS","SUCCESS","true","","",""
"2026-05-31T03:07:47.886819100Z","4aca5fc3-21e0-4f64-acc8-86c88a198fbb","preview","cyclic-overlapping","solveAndCalculateTreePreview","1931854200","1931","SUCCESS","SUCCESS","true","","",""
"2026-05-31T03:07:47.890525600Z","4aca5fc3-21e0-4f64-acc8-86c88a198fbb","preview","cyclic-overlapping","total","2936023100","2936","SUCCESS","SUCCESS","true","","",""
"2026-05-31T03:07:48.137174200Z","4aca5fc3-21e0-4f64-acc8-86c88a198fbb","preview","large-number-chain","solveAndCalculatePreview","123938800","123","SUCCESS","SUCCESS","true","","",""
"2026-05-31T03:07:48.137174200Z","4aca5fc3-21e0-4f64-acc8-86c88a198fbb","preview","large-number-chain","solveAndCalculateTreePreview","119650200","119","SUCCESS","SUCCESS","true","","",""
"2026-05-31T03:07:48.142639800Z","4aca5fc3-21e0-4f64-acc8-86c88a198fbb","preview","large-number-chain","total","243589000","243","SUCCESS","SUCCESS","true","","",""
"2026-05-31T03:07:48.729278300Z","4aca5fc3-21e0-4f64-acc8-86c88a198fbb","section","sections-acyclic","initialization","4500100","4","SUCCESS","SUCCESS","","true","",""
"2026-05-31T03:07:48.729278300Z","4aca5fc3-21e0-4f64-acc8-86c88a198fbb","section","sections-acyclic","solve","563549600","563","SUCCESS","SUCCESS","","true","",""
"2026-05-31T03:07:48.734915600Z","4aca5fc3-21e0-4f64-acc8-86c88a198fbb","section","sections-acyclic","desanitize","4382700","4","SUCCESS","SUCCESS","","true","",""
"2026-05-31T03:07:48.734915600Z","4aca5fc3-21e0-4f64-acc8-86c88a198fbb","section","sections-acyclic","preview","1798600","1","SUCCESS","SUCCESS","","true","",""
"2026-05-31T03:07:48.734915600Z","4aca5fc3-21e0-4f64-acc8-86c88a198fbb","section","sections-acyclic","treePreview","911600","0","SUCCESS","SUCCESS","","true","",""
"2026-05-31T03:07:48.739086500Z","4aca5fc3-21e0-4f64-acc8-86c88a198fbb","section","sections-acyclic","total","575142600","575","SUCCESS","SUCCESS","","true","",""
"2026-05-31T03:07:49.058207200Z","4aca5fc3-21e0-4f64-acc8-86c88a198fbb","section","sections-cyclic-ring","initialization","678200","0","SUCCESS","SUCCESS","","true","",""
"2026-05-31T03:07:49.066327800Z","4aca5fc3-21e0-4f64-acc8-86c88a198fbb","section","sections-cyclic-ring","solve","309163500","309","SUCCESS","SUCCESS","","true","",""
"2026-05-31T03:07:49.073952800Z","4aca5fc3-21e0-4f64-acc8-86c88a198fbb","section","sections-cyclic-ring","desanitize","1834900","1","SUCCESS","SUCCESS","","true","",""
"2026-05-31T03:07:49.077602300Z","4aca5fc3-21e0-4f64-acc8-86c88a198fbb","section","sections-cyclic-ring","preview","3096700","3","SUCCESS","SUCCESS","","true","",""
"2026-05-31T03:07:49.079622800Z","4aca5fc3-21e0-4f64-acc8-86c88a198fbb","section","sections-cyclic-ring","treePreview","1115300","1","SUCCESS","SUCCESS","","true","",""
"2026-05-31T03:07:49.084000100Z","4aca5fc3-21e0-4f64-acc8-86c88a198fbb","section","sections-cyclic-ring","total","315888600","315","SUCCESS","SUCCESS","","true","",""
"2026-05-31T03:07:49.221423Z","4aca5fc3-21e0-4f64-acc8-86c88a198fbb","section","sections-many-small-cycles","initialization","948800","0","SUCCESS","SUCCESS","","true","",""
"2026-05-31T03:07:49.223433600Z","4aca5fc3-21e0-4f64-acc8-86c88a198fbb","section","sections-many-small-cycles","solve","129672700","129","SUCCESS","SUCCESS","","true","",""
"2026-05-31T03:07:49.223433600Z","4aca5fc3-21e0-4f64-acc8-86c88a198fbb","section","sections-many-small-cycles","desanitize","489200","0","SUCCESS","SUCCESS","","true","",""
"2026-05-31T03:07:49.223433600Z","4aca5fc3-21e0-4f64-acc8-86c88a198fbb","section","sections-many-small-cycles","preview","734600","0","SUCCESS","SUCCESS","","true","",""
"2026-05-31T03:07:49.223433600Z","4aca5fc3-21e0-4f64-acc8-86c88a198fbb","section","sections-many-small-cycles","treePreview","406600","0","SUCCESS","SUCCESS","","true","",""
"2026-05-31T03:07:49.229548600Z","4aca5fc3-21e0-4f64-acc8-86c88a198fbb","section","sections-many-small-cycles","total","132251900","132","SUCCESS","SUCCESS","","true","",""
"2026-05-31T03:07:49.479370300Z","4aca5fc3-21e0-4f64-acc8-86c88a198fbb","section","sections-overlapping-cycles","initialization","1032200","1","SUCCESS","SUCCESS","","true","",""
"2026-05-31T03:07:49.481394500Z","4aca5fc3-21e0-4f64-acc8-86c88a198fbb","section","sections-overlapping-cycles","solve","244308000","244","SUCCESS","SUCCESS","","true","",""
"2026-05-31T03:07:49.483109700Z","4aca5fc3-21e0-4f64-acc8-86c88a198fbb","section","sections-overlapping-cycles","desanitize","622400","0","SUCCESS","SUCCESS","","true","",""
"2026-05-31T03:07:49.485678900Z","4aca5fc3-21e0-4f64-acc8-86c88a198fbb","section","sections-overlapping-cycles","preview","675400","0","SUCCESS","SUCCESS","","true","",""
"2026-05-31T03:07:49.487696700Z","4aca5fc3-21e0-4f64-acc8-86c88a198fbb","section","sections-overlapping-cycles","treePreview","404100","0","SUCCESS","SUCCESS","","true","",""
"2026-05-31T03:07:49.487696700Z","4aca5fc3-21e0-4f64-acc8-86c88a198fbb","section","sections-overlapping-cycles","total","247042100","247","SUCCESS","SUCCESS","","true","",""
"2026-05-31T03:11:02.641693400Z","47b2d3e2-b912-4431-8b95-b4b8dae0488e","preview","acyclic-success","solveAndCalculatePreview","2707913800","2707","SUCCESS","SUCCESS","true","","",""
"2026-05-31T03:11:02.653925100Z","47b2d3e2-b912-4431-8b95-b4b8dae0488e","preview","acyclic-success","solveAndCalculateTreePreview","1120827600","1120","SUCCESS","SUCCESS","true","","",""
"2026-05-31T03:11:02.653925100Z","47b2d3e2-b912-4431-8b95-b4b8dae0488e","preview","acyclic-success","total","3828741400","3828","SUCCESS","SUCCESS","true","","",""
"2026-05-31T03:11:02.656639400Z","47b2d3e2-b912-4431-8b95-b4b8dae0488e","preview","acyclic-missing","solveAndCalculatePreview","3161403100","3161","MISSING_RESOURCES","MISSING_RESOURCES","true","","",""
"2026-05-31T03:11:02.657652800Z","47b2d3e2-b912-4431-8b95-b4b8dae0488e","preview","acyclic-missing","solveAndCalculateTreePreview","2559868000","2559","MISSING_RESOURCES","MISSING_RESOURCES","true","","",""
"2026-05-31T03:11:02.657652800Z","47b2d3e2-b912-4431-8b95-b4b8dae0488e","preview","acyclic-missing","total","5721271100","5721","MISSING_RESOURCES","MISSING_RESOURCES","true","","",""
"2026-05-31T03:11:04.434750600Z","47b2d3e2-b912-4431-8b95-b4b8dae0488e","execution","exec-cyclic-ring","solve","782574300","782","","","","","37","COMPLETED"
"2026-05-31T03:11:04.438406500Z","47b2d3e2-b912-4431-8b95-b4b8dae0488e","execution","exec-cyclic-ring","dispatch","80371700","80","","","","","37","COMPLETED"
"2026-05-31T03:11:04.438406500Z","47b2d3e2-b912-4431-8b95-b4b8dae0488e","execution","exec-cyclic-ring","execute","856574300","856","","","","","37","COMPLETED"
"2026-05-31T03:11:04.441885Z","47b2d3e2-b912-4431-8b95-b4b8dae0488e","execution","exec-cyclic-ring","total","1719520300","1719","","","","","37","COMPLETED"
"2026-05-31T03:11:04.856379400Z","47b2d3e2-b912-4431-8b95-b4b8dae0488e","execution","exec-many-small-cycles","solve","274210900","274","","","","","9","COMPLETED"
"2026-05-31T03:11:04.856379400Z","47b2d3e2-b912-4431-8b95-b4b8dae0488e","execution","exec-many-small-cycles","dispatch","4999000","4","","","","","9","COMPLETED"
"2026-05-31T03:11:04.856379400Z","47b2d3e2-b912-4431-8b95-b4b8dae0488e","execution","exec-many-small-cycles","execute","128768300","128","","","","","9","COMPLETED"
"2026-05-31T03:11:04.864757100Z","47b2d3e2-b912-4431-8b95-b4b8dae0488e","execution","exec-many-small-cycles","total","407978200","407","","","","","9","COMPLETED"
"2026-05-31T03:11:05.455377Z","47b2d3e2-b912-4431-8b95-b4b8dae0488e","execution","exec-overlapping-cycles","solve","506180500","506","","","","","10","COMPLETED"
"2026-05-31T03:11:05.455377Z","47b2d3e2-b912-4431-8b95-b4b8dae0488e","execution","exec-overlapping-cycles","dispatch","2159000","2","","","","","10","COMPLETED"
"2026-05-31T03:11:05.457155500Z","47b2d3e2-b912-4431-8b95-b4b8dae0488e","execution","exec-overlapping-cycles","execute","72648600","72","","","","","10","COMPLETED"
"2026-05-31T03:11:05.459172300Z","47b2d3e2-b912-4431-8b95-b4b8dae0488e","execution","exec-overlapping-cycles","total","580988100","580","","","","","10","COMPLETED"
"2026-05-31T03:11:06.157334200Z","47b2d3e2-b912-4431-8b95-b4b8dae0488e","preview","cyclic-ring-large","solveAndCalculatePreview","321261600","321","SUCCESS","SUCCESS","true","","",""
"2026-05-31T03:11:06.159503900Z","47b2d3e2-b912-4431-8b95-b4b8dae0488e","preview","cyclic-ring-large","solveAndCalculateTreePreview","362290400","362","SUCCESS","SUCCESS","true","","",""
"2026-05-31T03:11:06.159503900Z","47b2d3e2-b912-4431-8b95-b4b8dae0488e","preview","cyclic-ring-large","total","683552000","683","SUCCESS","SUCCESS","true","","",""
"2026-05-31T03:11:06.443694100Z","47b2d3e2-b912-4431-8b95-b4b8dae0488e","preview","cyclic-many-small","solveAndCalculatePreview","126947500","126","SUCCESS","SUCCESS","true","","",""
"2026-05-31T03:11:06.445705800Z","47b2d3e2-b912-4431-8b95-b4b8dae0488e","preview","cyclic-many-small","solveAndCalculateTreePreview","151461900","151","SUCCESS","SUCCESS","true","","",""
"2026-05-31T03:11:06.447716900Z","47b2d3e2-b912-4431-8b95-b4b8dae0488e","preview","cyclic-many-small","total","278409400","278","SUCCESS","SUCCESS","true","","",""
"2026-05-31T03:11:07.450559Z","47b2d3e2-b912-4431-8b95-b4b8dae0488e","preview","cyclic-overlapping","solveAndCalculatePreview","521420400","521","SUCCESS","SUCCESS","true","","",""
"2026-05-31T03:11:07.453304400Z","47b2d3e2-b912-4431-8b95-b4b8dae0488e","preview","cyclic-overlapping","solveAndCalculateTreePreview","476355400","476","SUCCESS","SUCCESS","true","","",""
"2026-05-31T03:11:07.455319100Z","47b2d3e2-b912-4431-8b95-b4b8dae0488e","preview","cyclic-overlapping","total","997775800","997","SUCCESS","SUCCESS","true","","",""
"2026-05-31T03:11:07.697377500Z","47b2d3e2-b912-4431-8b95-b4b8dae0488e","preview","large-number-chain","solveAndCalculatePreview","137167500","137","SUCCESS","SUCCESS","true","","",""
"2026-05-31T03:11:07.699391600Z","47b2d3e2-b912-4431-8b95-b4b8dae0488e","preview","large-number-chain","solveAndCalculateTreePreview","98744300","98","SUCCESS","SUCCESS","true","","",""
"2026-05-31T03:11:07.701262Z","47b2d3e2-b912-4431-8b95-b4b8dae0488e","preview","large-number-chain","total","235911800","235","SUCCESS","SUCCESS","true","","",""
"2026-05-31T03:11:07.925824500Z","47b2d3e2-b912-4431-8b95-b4b8dae0488e","section","sections-acyclic","initialization","1562000","1","SUCCESS","SUCCESS","","true","",""
"2026-05-31T03:11:07.927332100Z","47b2d3e2-b912-4431-8b95-b4b8dae0488e","section","sections-acyclic","solve","205487100","205","SUCCESS","SUCCESS","","true","",""
"2026-05-31T03:11:07.927332100Z","47b2d3e2-b912-4431-8b95-b4b8dae0488e","section","sections-acyclic","desanitize","2944700","2","SUCCESS","SUCCESS","","true","",""
"2026-05-31T03:11:07.929368200Z","47b2d3e2-b912-4431-8b95-b4b8dae0488e","section","sections-acyclic","preview","2360800","2","SUCCESS","SUCCESS","","true","",""
"2026-05-31T03:11:07.929368200Z","47b2d3e2-b912-4431-8b95-b4b8dae0488e","section","sections-acyclic","treePreview","889700","0","SUCCESS","SUCCESS","","true","",""
"2026-05-31T03:11:07.933548500Z","47b2d3e2-b912-4431-8b95-b4b8dae0488e","section","sections-acyclic","total","213244300","213","SUCCESS","SUCCESS","","true","",""
"2026-05-31T03:11:08.058641700Z","47b2d3e2-b912-4431-8b95-b4b8dae0488e","section","sections-cyclic-ring","initialization","700400","0","SUCCESS","SUCCESS","","true","",""
"2026-05-31T03:11:08.058641700Z","47b2d3e2-b912-4431-8b95-b4b8dae0488e","section","sections-cyclic-ring","solve","120614700","120","SUCCESS","SUCCESS","","true","",""
"2026-05-31T03:11:08.063932Z","47b2d3e2-b912-4431-8b95-b4b8dae0488e","section","sections-cyclic-ring","desanitize","444700","0","SUCCESS","SUCCESS","","true","",""
"2026-05-31T03:11:08.064620Z","47b2d3e2-b912-4431-8b95-b4b8dae0488e","section","sections-cyclic-ring","preview","554000","0","SUCCESS","SUCCESS","","true","",""
"2026-05-31T03:11:08.067568200Z","47b2d3e2-b912-4431-8b95-b4b8dae0488e","section","sections-cyclic-ring","treePreview","259500","0","SUCCESS","SUCCESS","","true","",""
"2026-05-31T03:11:08.069097300Z","47b2d3e2-b912-4431-8b95-b4b8dae0488e","section","sections-cyclic-ring","total","122573300","122","SUCCESS","SUCCESS","","true","",""
"2026-05-31T03:11:08.141991200Z","47b2d3e2-b912-4431-8b95-b4b8dae0488e","section","sections-many-small-cycles","initialization","806400","0","SUCCESS","SUCCESS","","true","",""
"2026-05-31T03:11:08.143689500Z","47b2d3e2-b912-4431-8b95-b4b8dae0488e","section","sections-many-small-cycles","solve","65731700","65","SUCCESS","SUCCESS","","true","",""
"2026-05-31T03:11:08.144366Z","47b2d3e2-b912-4431-8b95-b4b8dae0488e","section","sections-many-small-cycles","desanitize","491700","0","SUCCESS","SUCCESS","","true","",""
"2026-05-31T03:11:08.144366Z","47b2d3e2-b912-4431-8b95-b4b8dae0488e","section","sections-many-small-cycles","preview","860700","0","SUCCESS","SUCCESS","","true","",""
"2026-05-31T03:11:08.144366Z","47b2d3e2-b912-4431-8b95-b4b8dae0488e","section","sections-many-small-cycles","treePreview","425200","0","SUCCESS","SUCCESS","","true","",""
"2026-05-31T03:11:08.144366Z","47b2d3e2-b912-4431-8b95-b4b8dae0488e","section","sections-many-small-cycles","total","68315700","68","SUCCESS","SUCCESS","","true","",""
"2026-05-31T03:11:08.318226900Z","47b2d3e2-b912-4431-8b95-b4b8dae0488e","section","sections-overlapping-cycles","initialization","1085300","1","SUCCESS","SUCCESS","","true","",""
"2026-05-31T03:11:08.324393400Z","47b2d3e2-b912-4431-8b95-b4b8dae0488e","section","sections-overlapping-cycles","solve","167598700","167","SUCCESS","SUCCESS","","true","",""
"2026-05-31T03:11:08.326629400Z","47b2d3e2-b912-4431-8b95-b4b8dae0488e","section","sections-overlapping-cycles","desanitize","564500","0","SUCCESS","SUCCESS","","true","",""
"2026-05-31T03:11:08.328161500Z","47b2d3e2-b912-4431-8b95-b4b8dae0488e","section","sections-overlapping-cycles","preview","766400","0","SUCCESS","SUCCESS","","true","",""
"2026-05-31T03:11:08.330209Z","47b2d3e2-b912-4431-8b95-b4b8dae0488e","section","sections-overlapping-cycles","treePreview","580600","0","SUCCESS","SUCCESS","","true","",""
"2026-05-31T03:11:08.330209Z","47b2d3e2-b912-4431-8b95-b4b8dae0488e","section","sections-overlapping-cycles","total","170595500","170","SUCCESS","SUCCESS","","true","",""
